{"cameraMode":{"drawMode":0,"name":"Shaded","section":"Shading Mode"},"sceneLighting":true,"audioPlay":false,"sceneViewState":{"showFog":true,"showMaterialUpdate":false,"showSkybox":true,"showFlares":true,"showImageEffects":true,"showParticleSystems":true},"in2DMode":false,"pivot":{"x":190.41456604003907,"y":181.0749969482422,"z":46.61048889160156},"rotation":{"x":-0.07229698449373245,"y":-0.27576547861099245,"z":0.020804759114980699,"w":-0.9582764506340027},"size":379.1191101074219,"orthographic":false}