{"cameraMode":{"drawMode":0,"name":"Shaded","section":"Shading Mode"},"sceneLighting":true,"audioPlay":false,"sceneViewState":{"showFog":true,"showMaterialUpdate":false,"showSkybox":true,"showFlares":true,"showImageEffects":true,"showParticleSystems":true},"in2DMode":false,"pivot":{"x":416.9929504394531,"y":152.35140991210938,"z":9.64239501953125},"rotation":{"x":-0.14820986986160279,"y":0.024027667939662935,"z":-0.0036022558342665436,"w":-0.9886574745178223},"size":619.3455810546875,"orthographic":false}