{"cameraMode":{"drawMode":0,"name":"Shaded","section":"Shading Mode"},"sceneLighting":true,"audioPlay":false,"sceneViewState":{"showFog":true,"showMaterialUpdate":false,"showSkybox":true,"showFlares":true,"showImageEffects":true,"showParticleSystems":true},"in2DMode":false,"pivot":{"x":1.9549059867858887,"y":6.235033988952637,"z":-2.2661962509155275},"rotation":{"x":-0.2274390459060669,"y":0.2628301680088043,"z":-0.06390105187892914,"w":-0.9354723691940308},"size":5.5351715087890629,"orthographic":false}