{"cameraMode":{"drawMode":0,"name":"Shaded","section":"Shading Mode"},"sceneLighting":true,"audioPlay":false,"sceneViewState":{"showFog":true,"showMaterialUpdate":false,"showSkybox":true,"showFlares":true,"showImageEffects":true,"showParticleSystems":true},"in2DMode":false,"pivot":{"x":2.4250383377075197,"y":3.198655605316162,"z":-3.817544937133789},"rotation":{"x":-0.2274390459060669,"y":0.2628301680088043,"z":-0.06390105187892914,"w":-0.9354723691940308},"size":17.416545867919923,"orthographic":false}