{"cameraMode":{"drawMode":0,"name":"Shaded","section":"Shading Mode"},"sceneLighting":true,"audioPlay":false,"sceneViewState":{"showFog":true,"showMaterialUpdate":false,"showSkybox":true,"showFlares":true,"showImageEffects":true,"showParticleSystems":true},"in2DMode":false,"pivot":{"x":13.707240104675293,"y":-6.8302998542785648,"z":-15.277789115905762},"rotation":{"x":-0.18861159682273866,"y":0.3008744418621063,"z":-0.060833703726530078,"w":-0.932844877243042},"size":48.454410552978519,"orthographic":false}